MSE_error,population,generations,training_time,i_run
2.8787763739173977,4000,5,22752.71776342392,0
0.43419839653836845,4000,5,22875.03801870346,1
2.487112730439289,4000,5,20207.96817612648,2
