MSE_error,population,generations,training_time,i_run
5.267383571581113,20,2,1.601717233657837,0
3.1987085933527877,20,2,0.7140889167785645,1
4.663121435180134,20,2,0.4697437286376953,2
