MSE_error,population,generations,training_time,i_run
5.267383571581113,20,4,9.661166906356812,0
2.85394173638647,20,4,8.248873472213745,1
4.663121435180134,20,4,6.396425724029541,2
