MSE_error,population,generations,training_time,i_run
1.3432885720507475e-14,20,3,2.339998960494995,0
1.0,20,3,2.828001022338867,1
0.43580883992868596,20,3,2.2440011501312256,2
