MSE_error,population,generations,training_time,i_run
0.0,20,3,2.4280035495758057,0
0.0,20,3,2.1105871200561523,1
0.35161808681355716,20,3,1.1779043674468994,2
