MSE_error,population,generations,training_time,i_run
2.2817312529579783,20,2,0.6911518573760986,0
1.2587918753529126,20,2,0.6382932662963867,1
0.6475949517060625,20,2,0.6652204990386963,2
