MSE_error,population,generations,training_time,i_run
0.39933475010866526,20,2,1.4880170822143555,0
0.008916312981801079,20,2,0.9165487289428711,1
1.6989163129802451,20,2,1.032240867614746,2
