MSE_error,population,generations,training_time,i_run
0.34698351069439404,20,4,11.78415560722351,0
0.0089163129565814,20,4,7.122953653335571,1
0.008916312956583593,20,4,11.97682523727417,2
