MSE_error,population,generations,training_time,i_run
0.39933475010866526,20,2,1.5967302322387695,0
