MSE_error,population,generations,training_time,i_run
2.2817312529579783,20,2,0.7470028400421143,0
1.9481340879125542,20,2,0.7250621318817139,1
2.617518241880726,20,2,0.7589795589447021,2
