MSE_error,population,generations,training_time,i_run
62.308836750073866,20,4,8.766542196273804,0
63.16088798705079,20,4,8.163171768188477,1
63.16088798705079,20,4,9.295145273208618,2
