MSE_error,population,generations,training_time,i_run
63.16088798705081,20,2,1.2955362796783447,0
63.16088798705081,20,2,1.3124895095825195,1
63.16088798711161,20,2,1.0910828113555908,2
