MSE_error,population,generations,training_time,i_run
36.38422432460062,20,3,2.0919926166534424,0
1776.963725589938,20,3,2.084000587463379,1
359.28820424314216,20,3,2.5440144538879395,2
