fitness_score,population,generations,training_time,i_run
0.009369001415002898,4000,10,2737.91161775589,0
0.019824142604698964,4000,10,2828.901482105255,1
0.017429048279370314,4000,10,2841.676584482193,2
