fitness_score,population,generations,training_time,i_run
0.010025174547324869,5000,5,6665.4195058345795,0
0.010005793996504463,5000,5,6717.40442442894,1
0.008862805848232675,5000,5,6573.188489437103,2
