MSE_error,population,generations,training_time,i_run
422.346733398984,20,2,0.6592354774475098,0
208.75041708375042,20,2,0.6891574859619141,1
300.60060060060164,20,2,0.6432774066925049,2
