MSE_error,population,generations,training_time,i_run
62.30883695544196,20,2,0.7021222114562988,0
63.161773677345394,20,2,0.609370231628418,1
63.508904741121455,20,2,0.7091042995452881,2
