max_expression_size, fitness_score, training_time
1, 0.02258670263972934, 13.719329118728638
2, 0.023157209993802715, 118.40465021133423
3, 0.022989298311065224, 385.12422037124634
4, 0.0019430116589686222, 734.0151748657227
5, 0.015485521283357364, 1182.8063387870789
6, 0.021325385663008574, 1862.4916682243347
7, 0.0114639712466878, 2329.2530193328857
8, 0.016242581614053873, 2453.8641624450684
9, 0.016340521817448266, 2856.6649885177612
10, 0.0020835455091367775, 3163.371327638626
