MSE_error,population,generations,training_time,i_run
153.6158866058867,20,2,0.7589764595031738,0
63.66443734883782,20,2,0.8497257232666016,1
122.72997841535344,20,2,0.7330396175384521,2
