MSE_error,population,generations,training_time,i_run
0.008916312956581155,20,2,0.654249906539917,0
0.008916312960055699,20,2,0.6562435626983643,1
0.008916312956581159,20,2,0.6861658096313477,2
