MSE_error,population,generations,training_time,i_run
0.008916312956581155,20,2,0.6761922836303711,0
