MSE_error,population,generations,training_time,i_run
3.0072549105765394e-29,2000,6,5764.256673574448,0
2.115668248425191e-29,2000,6,6000.628288507462,1
5.546678239835239e-34,2000,6,5818.621183633804,2
