MSE_error,population,generations,training_time,i_run
5.39001741869684,20,2,0.6821756362915039,0
1.8389626447831164,20,2,0.6472692489624023,1
1.8389626447831164,20,2,0.6592366695404053,2
