MSE_error,population,generations,training_time,i_run
0.008890012671387629,20,2,0.6412849426269531,0
0.008890012671387624,20,2,0.6153545379638672,1
0.008890012671401269,20,2,0.8058485984802246,2
