MSE_error,population,generations,training_time,i_run
4.532513600848536,20,2,1.5717968940734863,0
3.4196855912698005,20,2,1.0023193359375,1
5.176542758073911,20,2,1.8201327323913574,2
