MSE_error,population,generations,training_time,i_run
1.6701218853744169,20,4,11.155173778533936,0
1.83896264478323,20,4,9.276195287704468,1
1.8389626447831224,20,4,11.55897307395935,2
