MSE_error,population,generations,training_time,i_run
87.6524902808621,20,4,10.695398330688477,0
1.5471473698453528e-10,20,4,7.777204275131226,1
17.312320356272473,20,4,8.109375715255737,2
