MSE_error,population,generations,training_time,i_run
157.17232048877497,20,2,1.1449379920959473,0
87.6524902808621,20,2,1.1210014820098877,1
163.2877815599094,20,2,0.7230663299560547,2
