MSE_error,population,generations,training_time,i_run
1.789296805191533e-20,20,3,2.7400007247924805,0
1.8778096485890345e-19,20,3,3.052450656890869,1
1.4220353457697692e-18,20,3,1.9559979438781738,2
