MSE_error,population,generations,training_time,i_run
0.00891631295658207,20,2,0.7390241622924805,0
