MSE_error,population,generations,training_time,i_run
0.00891631295658207,20,2,0.9923455715179443,0
0.29879716585756627,20,2,0.9424798488616943,1
0.008916312956581272,20,2,1.060164213180542,2
