MSE_error,population,generations,training_time,i_run
2.587302180379769,20,2,0.8237929344177246,0
1.0087701944771692,20,2,0.7370293140411377,1
1.008770194477169,20,2,0.6512587070465088,2
