MSE_error,population,generations,training_time,i_run
2.2817312529579783,20,2,1.4640846252441406,0
1.9633989464806814,20,2,1.077120304107666,1
2.617518241880726,20,2,0.7858970165252686,2
