MSE_error,population,generations,training_time,i_run
0.06612584373520172,20,4,9.618282079696655,0
1.1381960427540512e-12,20,4,9.50390100479126,1
0.2033693444861447,20,4,10.92281699180603,2
