max_expression_size,fitness_score,training_time
1,0.0225725207443346,0.6230281194051107
2,0.0225651437290953,3.7884908119837437
3,0.0163405218174482,19.521192105611167
4,0.0170932470046881,35.49407567977905
5,0.010190822732583,51.805187940597534
6,0.0031528420245563,70.7159913579623
7,0.0006962649935003,92.59004756212235
8,0.0006276685397475,112.50433917442959
9,0.001096660989591,153.59961243867875
10,0.0006276685397475,188.3412661155065
