max_expression_size,fitness_score,training_time
1,0.0225725207443346,37.38168716430664
2,0.0225651437290953,227.30944871902463
3,0.0163405218174482,1171.27152633667
4,0.0170932470046881,2129.644540786743
5,0.010190822732583,3108.311276435852
6,0.0031528420245563,4242.959481477737
7,0.0006962649935003,5555.402853727341
8,0.0006276685397475,6750.260350465775
9,0.001096660989591,9215.976746320724
10,0.0006276685397475,11300.47596693039
