fitness_score,population,generations,training_time,i_run
1.8455377464798817,4000,10,7739.056255817413,0
1.9181922476384308,4000,10,7251.7609169483185,1
2.89667704805835,4000,10,6604.183757781982,2
