MSE_error,population,generations,training_time,i_run
0.00889001267138766,20,2,1.29353928565979,0
0.00889001267138763,20,2,1.241680383682251,1
0.008890012671387634,20,2,1.0222680568695068,2
