MSE_error,population,generations,training_time,i_run
0.00889001267138766,20,2,1.5458650588989258,0
