MSE_error,population,generations,training_time,i_run
0.008890012671387625,20,4,8.174141883850098,0
0.004896190988115006,20,4,6.768577337265015,1
2.285395742405933e-16,20,4,10.66441798210144,2
