fitness_score,population,generations,training_time,i_run
0.07805297207627561,4000,10,4258.852574825287,0
0.0863679213195033,4000,10,4179.432638168335,1
0.07144325979235905,4000,10,4297.088499307632,2
