MSE_error,population,generations,training_time,i_run
5.030089112570978,20,3,3.155972957611084,0
1.5306383970560965e-16,20,3,2.092003583908081,1
3.58955564319387e-17,20,3,2.352001428604126,2
