MSE_error,population,generations,training_time,i_run
5.324915654599572,20,2,0.841747522354126,0
3.973419588045641,20,2,0.9444723129272461,1
4.517846906870743,20,2,0.8477332592010498,2
