MSE_error,population,generations,training_time,i_run
0.0,20,3,2.3800289630889893,0
0.0,20,3,2.063997983932495,1
0.0,20,3,1.632000207901001,2
