MSE_error,population,generations,training_time,i_run
2.0695913677526315e-30,20,3,1.6439919471740723,0
0.0,20,3,1.8760004043579102,1
0.0,20,3,2.2360010147094727,2
