MSE_error,population,generations,training_time,i_run
63.1608879870509,20,2,2.914207935333252,0
63.1608879870509,20,2,2.7815611362457275,1
63.16088798705087,20,2,2.9181973934173584,2
