MSE_error,population,generations,training_time,i_run
0.0,20,3,1.9639976024627686,0
9.693448760341484e-18,20,3,2.396000623703003,1
0.0,20,3,1.475999355316162,2
