MSE_error,population,generations,training_time,i_run
4.693524098924762,20,2,0.8666818141937256,0
3.4196855912698005,20,2,0.860701322555542,1
5.0604662269294725,20,2,0.6712052822113037,2
