MSE_error,population,generations,training_time,i_run
868.5663674081466,20,2,0.638291597366333,0
426.1897993139102,20,2,0.8916165828704834,1
1070.3837034505152,20,2,0.7071099281311035,2
