MSE_error,population,generations,training_time,i_run
5657.525056097409,20,2,0.8018553256988525,0
9262.90169961057,20,2,0.7599680423736572,1
208.7504170838144,20,2,0.7769222259521484,2
