MSE_error,population,generations,training_time,i_run
4.266419856667357,20,2,0.6462717056274414,0
1.9698723394796038,20,2,1.1269862651824951,1
2.6554537171493773,20,2,0.7589702606201172,2
