fitness_score,population,generations,training_time,i_run
0.0741445532359133,4000,10,4189.642748832703,0
0.07462968363868347,4000,10,4131.004194974899,1
0.0716033653100317,4000,10,4282.253171443939,2
