MSE_error,population,generations,training_time,i_run
7938.384074307854,20,2,1.0990617275238037,0
9326.8555169696,20,2,0.9045805931091309,1
1147.424058585947,20,2,0.9245314598083496,2
