MSE_error,population,generations,training_time,i_run
4528.203039258528,20,2,0.8527235984802246,0
5736.981061239661,20,2,0.8088369369506836,1
208.75041708375042,20,2,0.8796472549438477,2
