MSE_error,population,generations,training_time,i_run
62.30883675090996,20,2,0.7430133819580078,0
63.16088809440224,20,2,0.5854341983795166,1
63.50890466122015,20,2,0.577455997467041,2
