MSE_error,population,generations,training_time,i_run
930.6935805591353,20,2,2.1871488094329834,0
3097.0213462715315,20,2,0.9285171031951904,1
1.7520516476143254e-11,20,2,2.0106239318847656,2
