MSE_error,population,generations,training_time,i_run
0.008890012671387625,20,2,0.658238410949707,0
