MSE_error,population,generations,training_time,i_run
0.008890012671387625,20,2,0.5255944728851318,0
0.008052835684866417,20,2,0.6472692489624023,1
0.00030748743697760005,20,2,0.5864317417144775,2
