MSE_error,population,generations,training_time,i_run
5.39001741869684,20,2,0.6622276306152344,0
4.558530987942113,20,2,0.7061119079589844,1
1.8389626447831167,20,2,0.8028526306152344,2
