MSE_error,population,generations,training_time,i_run
4528.203039258528,20,2,1.3633551597595215,0
5736.981061239664,20,2,1.1180102825164795,1
208.75041708375232,20,2,0.9773874282836914,2
