MSE_error,population,generations,training_time,i_run
646.0438131199193,20,4,11.283825874328613,0
5257.846449989324,20,4,7.4364845752716064,1
208.75041708375042,20,4,8.46941351890564,2
