MSE_error,population,generations,training_time,i_run
0.008890012671387627,20,2,1.1050446033477783,0
0.008890012671387625,20,2,0.7430083751678467,1
0.008890012671387624,20,2,0.9265215396881104,2
