MSE_error,population,generations,training_time,i_run
0.008890012671387627,20,2,1.126988410949707,0
