MSE_error,population,generations,training_time,i_run
153.6158866058867,20,4,12.312077283859253,0
63.6644373488378,20,4,7.021280288696289,1
122.72997841535343,20,4,6.243398904800415,2
