MSE_error,population,generations,training_time,i_run
153.6158866058867,20,2,0.973395586013794,0
63.664437350771465,20,2,0.8846347332000732,1
122.72997841535346,20,2,0.6562445163726807,2
