fitness_score,population,generations,training_time,i_run
0.00025932787988266104,4000,10,4054.9011237621307,0
0.0003174803266812106,4000,10,4105.251001596451,1
0.00023191758613628713,4000,10,4046.4045197963715,2
