MSE_error,population,generations,training_time,i_run
4.266419856667357,20,2,0.8826391696929932,0
1.9698723394796038,20,2,0.9524533748626709,1
2.6554537171493773,20,2,0.7180798053741455,2
