MSE_error,population,generations,training_time,i_run
2.97401122677525,20,2,0.854712724685669,0
2.6243047585081594,20,2,0.7350339889526367,1
1.789231593631682,20,2,0.5595040321350098,2
