fitness_score,population,generations,training_time,i_run
2.370579047951349,4000,10,2640.195118665695,0
3.062889483042093,4000,10,2753.833910226822,1
2.4757685416480215,4000,10,2747.078687429428,2
