fitness_score,population,generations,training_time,i_run
0.0006270402429115054,5000,5,6481.991984605789,0
0.0006270402429115054,5000,5,6810.9475729465485,1
0.0010955632308431917,5000,5,6777.8262004852295,2
