fitness_score,population,generations,training_time,i_run
0.1245764235488953,4000,10,6050.312987327576,0
0.1296378502929013,4000,10,5804.181839227676,1
0.12573107619741614,4000,10,5813.86295747757,2
