MSE_error,population,generations,training_time,i_run
359.2882048202598,20,3,2.8560004234313965,0
3.4152341159639344e-18,20,3,3.1080002784729004,1
3.634311729549423e-16,20,3,2.068004608154297,2
