MSE_error,population,generations,training_time,i_run
4.918262352610092,20,4,8.161165237426758,0
1.8389626447831167,20,4,7.59563684463501,1
4.52524411148222,20,4,6.585388660430908,2
