MSE_error,population,generations,training_time,i_run
5.39001741869684,20,2,1.2795727252960205,0
4.558530987942113,20,2,1.0392217636108398,1
1.838962644783117,20,2,1.2985281944274902,2
