fitness_score,population,generations,training_time,i_run
0.036229116512140974,5000,5,6343.863085985184,0
0.036228730135525765,5000,5,6342.945340394974,1
0.03622857684021748,5000,5,6311.603846549988,2
