MSE_error,population,generations,training_time,i_run
930.6947215591354,20,2,0.8796467781066895,0
3097.0213462715315,20,2,0.8208036422729492,1
1240.6126465120913,20,2,0.6971356868743896,2
