MSE_error,population,generations,training_time,i_run
157.1723204889289,20,2,0.596405029296875,0
87.6524902808621,20,2,0.6432795524597168,1
137.69618339912395,20,2,0.602388858795166,2
