MSE_error,population,generations,training_time,i_run
5.268596740166175,20,2,0.9494624137878418,0
2.8660242852565654,20,2,1.0821068286895752,1
4.663121435180134,20,2,0.7300477027893066,2
