MSE_error,population,generations,training_time,i_run
422.346733398984,20,2,2.219064950942993,0
208.7504170837587,20,2,1.9976584911346436,1
300.6006006006126,20,2,2.640939950942993,2
