MSE_error,population,generations,training_time,i_run
5.324915654599572,20,2,1.1269862651824951,0
3.973419588045641,20,2,1.43117094039917,1
2.853275115934751,20,2,2.1303040981292725,2
