MSE_error,population,generations,training_time,i_run
6.713742660445886,2000,6,4963.74077630043,0
3.06477836406539,2000,6,4954.824823617935,1
3.5035177275222886,2000,6,4822.042462587357,2
