MSE_error,population,generations,training_time,i_run
4.45495664382674,20,2,0.8098340034484863,0
5.0591258989860215,20,2,0.7639572620391846,1
3.35086313917298,20,2,0.8956050872802734,2
