fitness_score,population,generations,training_time,i_run
8.815520615844807e-32,40,10,16.749184131622314,0
7.5415102539128726e-31,40,10,17.56908917427063,1
7.362537436040856e-31,40,10,19.843332290649414,2
