fitness_score,population,generations,training_time,i_run
3.089489073598322,4000,10,5544.695044755936,0
11.907628091220216,4000,10,5547.033970355988,1
2.551835543118442,4000,10,5444.877993345261,2
