fitness_score,population,generations,training_time,i_run
0.0006774929218366861,40,10,7.196791172027588,0
0.0036805250110392,40,10,6.121825218200684,1
6.725347365800228e-34,40,10,5.51527738571167,2
