MSE_error,population,generations,training_time,i_run
0.3993347503404413,20,2,0.6392910480499268,0
0.008916312959916869,20,2,0.5874290466308594,1
0.008916312956956527,20,2,0.6333072185516357,2
