MSE_error,population,generations,training_time,i_run
1.0286184930358483e-19,20,3,2.7120323181152344,0
0.8667610000000002,20,3,2.376002073287964,1
2.2288687507400246e-15,20,3,1.9360277652740479,2
