MSE_error,population,generations,training_time,i_run
5.324915654599572,20,2,0.7061107158660889,0
3.973419588045641,20,2,0.6771862506866455,1
4.574203170249661,20,2,0.6871628761291504,2
