MSE_error,population,generations,training_time,i_run
63.160887987050884,20,2,2.267935037612915,0
85.85003947244171,20,2,1.6047086715698242,1
63.16088798705081,20,2,2.2110867500305176,2
