MSE_error,population,generations,training_time,i_run
7.279080811477079e-15,20,3,2.6280317306518555,0
3.832478524768924e-14,20,3,3.719998359680176,1
1.6071977168747214e-15,20,3,3.1160271167755127,2
