MSE_error,population,generations,training_time,i_run
2.905650033456497,20,2,1.0222656726837158,0
1.0087701944772085,20,2,0.8636887073516846,1
1.0087701944773813,20,2,0.7190771102905273,2
