MSE_error,population,generations,training_time,i_run
69.61565203705736,20,2,0.7529871463775635,0
70.25774200924315,20,2,0.747002363204956,1
72.29111003012187,20,2,0.7639663219451904,2
