MSE_error,population,generations,training_time,i_run
6.934154680062824e-15,20,3,2.2200024127960205,0
2.9199131743664934e-20,20,3,1.656001091003418,1
1.1728691629511303e-20,20,3,3.136000156402588,2
