fitness_score,population,generations,training_time,i_run
0.03262377971666012,5000,5,6504.718570232391,0
0.03262552205227668,5000,5,6980.743220567703,1
0.032625136976640545,5000,5,7170.349478721619,2
