MSE_error,population,generations,training_time,i_run
0.9521661436998963,20,4,9.321451187133789,0
0.64759495170607,20,4,13.09488320350647,1
3.3190848814051027e-14,20,4,15.402135133743286,2
