MSE_error,population,generations,training_time,i_run
3.9910821502978266,20,2,0.9654176235198975,0
1.00877019447717,20,2,2.0235886573791504,1
1.0087701944771696,20,2,1.9238533973693848,2
