fitness_score,population,generations,training_time,i_run
0.003242198128575085,4000,10,8233.43013882637,0
0.0011754973260099254,4000,10,7185.330934762955,1
0.0060170574776925575,4000,10,6700.742270231247,2
