fitness_score,population,generations,training_time,i_run
0.013311575397484036,5000,5,4106.071548461914,0
0.011395449241360801,5000,5,3870.050108909607,1
0.012061384575006821,5000,5,3613.833136320114,2
