MSE_error,population,generations,training_time,i_run
5.36689023776154,20,2,0.6532564163208008,0
4.770969249674868,20,2,0.8267884254455566,1
3.35086313917298,20,2,1.2576372623443604,2
