MSE_error,population,generations,training_time,i_run
422.346733398984,20,2,0.9524528980255127,0
6076.21527257819,20,2,0.8906176090240479,1
6947.560108330613,20,2,0.7170846462249756,2
