fitness_score,population,generations,training_time,i_run
0.0006170731825925882,4000,10,5351.603812932968,0
0.0006170731825925882,4000,10,5371.818690061569,1
0.0006170731825925882,4000,10,5483.573610544205,2
