MSE_error,population,generations,training_time,i_run
4.647528204886883,20,4,9.829707860946655,0
3.973419588045641,20,4,7.562490701675415,1
2.85826742283396,20,4,10.358886957168579,2
