MSE_error,population,generations,training_time,i_run
5.324915654599572,20,2,0.9694094657897949,0
3.973419588045641,20,2,1.0122926235198975,1
2.8532678744549904,20,2,1.347395420074463,2
