MSE_error,population,generations,training_time,i_run
5.324915654599572,20,2,0.6013915538787842,0
3.973419588045641,20,2,0.7150876522064209,1
3.8901289320105525,20,2,0.8646864891052246,2
