MSE_error,population,generations,training_time,i_run
8.350016683350015,20,3,2.335993528366089,0
2.8481224734534695e-13,20,3,3.152003049850464,1
9.000000000000124,20,3,1.968029499053955,2
