MSE_error,population,generations,training_time,i_run
153.6158866058867,20,2,1.4341650009155273,0
186.75468225198554,20,2,1.9906766414642334,1
122.72997841535472,20,2,0.9803767204284668,2
