fitness_score,population,generations,training_time,i_run
0.0006170731825925882,4000,10,5386.232508420944,0
0.0006170731825925882,4000,10,5404.549428462982,1
0.0006170731825925882,4000,10,5410.070828199387,2
