fitness_score,population,generations,training_time,i_run
2.2418337839094975,4000,10,7691.686557292938,0
2.329584669322159,4000,10,7349.458507537842,1
1.9199717411367976,4000,10,6482.994026660919,2
