MSE_error,population,generations,training_time,i_run
63.16088798705079,20,2,0.6512596607208252,0
68.34756478093114,20,2,0.5884265899658203,1
63.16088798719042,20,2,0.7160851955413818,2
