MSE_error,population,generations,training_time,i_run
2.4649000000990426,20,2,0.8577067852020264,0
2.464900003124091,20,2,1.3523833751678467,1
1.5946076864405693e-12,20,2,1.3075048923492432,2
