MSE_error,population,generations,training_time,i_run
2.5079881108125284e-13,20,4,8.416160821914673,0
4.514987635792302e-12,20,4,9.928451299667358,1
8.675202407800414e-13,20,4,12.271971225738525,2
