MSE_error,population,generations,training_time,i_run
930.3686805591356,20,2,0.7649543285369873,0
3097.0213462715315,20,2,0.6193444728851318,1
1.4057815399957625e-28,20,2,0.6821751594543457,2
