MSE_error,population,generations,training_time,i_run
0.02608924394358911,20,2,0.6273229122161865,0
0.01118349107045014,20,2,0.755979061126709,1
0.009367140914249726,20,2,0.758969783782959,2
