MSE_error,population,generations,training_time,i_run
868.5663674081466,20,2,0.8856332302093506,0
426.1897993139102,20,2,0.7799139022827148,1
1070.3837034505152,20,2,0.6103670597076416,2
