MSE_error,population,generations,training_time,i_run
359.2882042431423,20,3,1.364001989364624,0
1.487753466654464e-29,20,3,2.136000871658325,1
35.70835852637133,20,3,2.280001640319824,2
