MSE_error,population,generations,training_time,i_run
1075.9222345652086,20,2,1.5358927249908447,0
1085.0314784072334,20,2,1.3055076599121094,1
854.128737997129,20,2,1.506971836090088,2
