MSE_error,population,generations,training_time,i_run
1075.9221065722704,20,4,9.909170389175415,0
267.4368748451476,20,4,9.651195049285889,1
688.6450690047498,20,4,11.17016315460205,2
