MSE_error,population,generations,training_time,i_run
2.4649000006495982,20,2,0.7619614601135254,0
2.464900000069758,20,2,0.6821761131286621,1
1.670009573586496e-28,20,2,0.5774579048156738,2
