fitness_score,population,generations,training_time,i_run
0.08362870872381928,4000,10,4306.13288974762,0
0.0764864560977806,4000,10,4169.154837846756,1
0.0764864560977806,4000,10,4311.894716501236,2
