MSE_error,population,generations,training_time,i_run
3.530978039966022e-18,20,3,1.2840015888214111,0
2.4770197171754443e-15,20,3,2.623999834060669,1
