fitness_score,population,generations,training_time,i_run
0.0019255070498615592,5000,5,6410.52742433548,0
0.0006220138685768197,5000,5,6384.604501485825,1
0.0006220138685768197,5000,5,6658.353292226791,2
