MSE_error,population,generations,training_time,i_run
88.59773341133655,20,3,2.595998525619507,0
9.10942568998742e-12,20,3,2.9924492835998535,1
0.2104741099700115,20,3,2.279999256134033,2
