MSE_error,population,generations,training_time,i_run
2.905650033456497,20,2,1.2366926670074463,0
1.008770918310591,20,2,2.0066311359405518,1
1.0087701944773424,20,2,2.2559726238250732,2
