max_expression_size, fitness_score, training_time
1, 0.022572520744334648, 37.38168716430664
2, 0.022565143729095318, 227.30944871902466
3, 0.016340521817448266, 1171.27152633667
4, 0.0170932470046881, 2129.644540786743
5, 0.01019082273258301, 3108.311276435852
6, 0.0031528420245563733, 4242.959481477737
7, 0.0006962649935003637, 5555.402853727341
8, 0.0006276685397475655, 6750.2603504657745
9, 0.001096660989591007, 9215.976746320724
10, 0.0006276685397475644, 11300.47596693039
