MSE_error,population,generations,training_time,i_run
14655.494558099821,20,2,0.8108327388763428,0
29351.837670414105,20,2,0.8587048053741455,1
4090.582228633495,20,2,0.6243321895599365,2
