MSE_error,population,generations,training_time,i_run
930.3686805591354,20,2,0.7479977607727051,0
3097.0213462715315,20,2,0.650261402130127,1
4.461787698729496e-29,20,2,0.6582393646240234,2
