MSE_error,population,generations,training_time,i_run
153.6158866058867,20,2,0.8227999210357666,0
392.7967023915194,20,2,0.827786922454834,1
122.73010028590375,20,2,0.6692101955413818,2
