MSE_error,population,generations,training_time,i_run
5.324915654599572,20,2,0.9434781074523926,0
3.973419588045641,20,2,0.8357653617858887,1
4.517846906870743,20,2,0.8387575149536133,2
