fitness_score,population,generations,training_time,i_run
0.0009469115203072975,4000,10,4056.2486169338226,0
0.0006497748379343871,4000,10,4062.49561047554,1
0.00041936485404281496,4000,10,4035.5051369667053,2
