MSE_error,population,generations,training_time,i_run
4.532513600847854,20,2,0.828784704208374,0
3.4196855912698005,20,2,0.868675947189331,1
5.906586370826856,20,2,0.7200732231140137,2
