MSE_error,population,generations,training_time,i_run
0.008890012671387625,20,2,0.7589690685272217,0
0.0006020370628773173,20,2,0.6721973419189453,1
0.0003074874373209219,20,2,0.5295839309692383,2
