MSE_error,population,generations,training_time,i_run
13702.150210776277,20,2,1.0920844078063965,0
6378.214102502324,20,2,0.7898898124694824,1
1551.415560192016,20,2,0.7759246826171875,2
