fitness_score,population,generations,training_time,i_run
0.006569209950140275,4000,10,4490.877158880234,0
0.003259394065192695,4000,10,5205.7311136722565,1
0.006331456094677573,4000,10,4691.288153171539,2
