fitness_score,population,generations,training_time,i_run
0.00895318449371883,5000,5,6355.326774835587,0
0.0006276685397475655,5000,5,6468.888241291046,1
0.006267140039601693,5000,5,6484.8288786411285,2
