MSE_error,population,generations,training_time,i_run
153.6158866058867,20,2,1.0581715106964111,0
801.5545345572791,20,2,0.7021219730377197,1
165.85009276832932,20,2,0.9205362796783447,2
