MSE_error,population,generations,training_time,i_run
6620.525655027082,20,2,0.7689440250396729,0
14721.22123770864,20,2,0.7888836860656738,1
12242.878077311896,20,2,0.7839004993438721,2
