MSE_error,population,generations,training_time,i_run
0.24134109616381177,20,2,0.67020583152771,0
1.7159803771862434,20,2,0.7240655422210693,1
0.040642005978193285,20,2,0.7809090614318848,2
