MSE_error,population,generations,training_time,i_run
2.0893347501086548,20,2,0.8287830352783203,0
1.6989163129565807,20,2,0.7799158096313477,1
1.6989163129566014,20,2,0.6293172836303711,2
