MSE_error,population,generations,training_time,i_run
0.008890012671413691,20,2,2.690805196762085,0
