MSE_error,population,generations,training_time,i_run
0.008890012671413691,20,2,2.2739245891571045,0
0.008890012671387625,20,2,2.0624852180480957,1
0.008890012671387997,20,2,2.1682021617889404,2
