fitness_score,population,generations,training_time,i_run
2.5270277263581828e-33,4000,10,4239.687638282776,0
2.618494352388886e-33,4000,10,4121.353759288788,1
2.6154128644778663e-33,4000,10,4588.99747633934,2
