fitness_score,population,generations,training_time,i_run
0.1245764235488953,4000,10,5240.363618850708,0
0.1296378502929013,4000,10,5237.465789556503,1
0.12573107619741614,4000,10,5204.152130842209,2
