MSE_error,population,generations,training_time,i_run
0.008890012671387629,20,2,1.0910813808441162,0
0.0006020370628773173,20,2,0.9554469585418701,1
0.00030748777741307034,20,2,1.2706027030944824,2
