MSE_error,population,generations,training_time,i_run
0.008890012671387629,20,2,0.9015891551971436,0
