MSE_error,population,generations,training_time,i_run
5.267383571581112,20,2,0.6512594223022461,0
2.8660242852565654,20,2,0.7031199932098389,1
4.663121435180134,20,2,0.5854341983795166,2
