MSE_error,population,generations,training_time,i_run
0.008890012671387766,20,2,2.887279748916626,0
0.008890012671684884,20,2,2.2519776821136475,1
0.00030748743697847896,20,2,2.8234498500823975,2
