MSE_error,population,generations,training_time,i_run
0.008890012671387766,20,2,3.2173964977264404,0
