MSE_error,population,generations,training_time,i_run
1.1619158816057866e-13,20,3,2.968003511428833,0
1020.3144035994108,20,3,1.8959965705871582,1
1.3359933172958596,20,3,2.0960018634796143,2
