MSE_error,population,generations,training_time,i_run
4.532513601405184,20,2,0.6712067127227783,0
3.4196855912698005,20,2,0.7170822620391846,1
5.0604662269294725,20,2,0.7988643646240234,2
