MSE_error,population,generations,training_time,i_run
70.37322001229681,20,2,0.879647970199585,0
100.08985368897949,20,2,0.9544477462768555,1
95.39326200736491,20,2,0.7789173126220703,2
