fitness_score,population,generations,training_time,i_run
0.0006170731825925882,4000,10,5864.370234012604,0
0.0006170731825925882,4000,10,5350.095363855362,1
0.0006170731825925882,4000,10,6320.359689712524,2
