MSE_error,population,generations,training_time,i_run
0.0089163129567232,20,2,1.3194708824157715,0
0.29879716585756627,20,2,1.7373523712158203,1
0.008916312956582078,20,2,2.563145637512207,2
