MSE_error,population,generations,training_time,i_run
6620.525655027082,20,2,0.8098361492156982,0
14721.22123770864,20,2,1.0023205280303955,1
12242.878077311896,20,2,0.7310500144958496,2
