fitness_score,population,generations,training_time,i_run
0.0002123635794837799,4000,10,4231.407595157623,0
0.0002119831652671943,4000,10,4355.918842554092,1
0.0003146749728240233,4000,10,4190.0900111198425,2
