MSE_error,population,generations,training_time,i_run
5657.525056097497,20,2,1.5648152828216553,0
9262.90169961057,20,2,1.5897495746612549,1
208.75041708381485,20,2,1.5588335990905762,2
