MSE_error,population,generations,training_time,i_run
1.8389626447837544,20,4,8.528197288513184,0
1.838962644513017,20,4,9.502590894699097,1
2.6091939527816157,20,4,8.250524044036865,2
