MSE_error,population,generations,training_time,i_run
4.454489177639235,20,2,1.134964942932129,0
4.770969249674868,20,2,1.456106424331665,1
3.35086313917298,20,2,1.0910842418670654,2
