MSE_error,population,generations,training_time,i_run
1.8291965275596724e-18,20,3,1.8279988765716553,0
1.47225653020088e-15,20,3,2.9400012493133545,1
1.2819424266035318e-21,20,3,3.576000928878784,2
