MSE_error,population,generations,training_time,i_run
63.16088798705079,20,2,0.7858982086181641,0
63.16088798705079,20,2,0.6931469440460205,1
63.16088798841019,20,2,0.7918801307678223,2
