fitness_score,population,generations,training_time,i_run
0.006569209950140275,4000,10,4566.972790956497,0
0.004973750716504198,4000,10,6791.345370531082,1
0.0060170574776925575,4000,10,5468.232306957245,2
