MSE_error,population,generations,training_time,i_run
0.008916312956581155,20,2,0.6392905712127686,0
0.008916312956646487,20,2,0.5854344367980957,1
0.008916312956581159,20,2,0.6771860122680664,2
