MSE_error,population,generations,training_time,i_run
2.587302180379769,20,2,0.6422824859619141,0
1.0087701944771692,20,2,0.7230651378631592,1
1.0087701944771692,20,2,0.6851673126220703,2
