MSE_error,population,generations,training_time,i_run
1.0365465933804294e-16,20,3,3.4600021839141846,0
2.9084576435696907e-19,20,3,2.9880001544952393,1
8.775605064337049e-16,20,3,3.092029571533203,2
