MSE_error,population,generations,training_time,i_run
0.0,20,3,1.972001075744629,0
2.4411935748270137e-15,20,3,2.524003028869629,1
1.680545452725314e-18,20,3,2.307999849319458,2
