fitness_score,population,generations,training_time,i_run
0.02058127910688587,4000,10,3407.4631037712097,0
0.019881265436614202,4000,10,3236.6806950569153,1
