fitness_score,population,generations,training_time,i_run
0.013669194894641907,4000,10,3394.5664672851562,0
0.022588779741327187,4000,10,4842.218527317047,1
0.01988617165111099,4000,10,5167.499531984329,2
