MSE_error,population,generations,training_time,i_run
4.454489178565512,20,2,0.7669494152069092,0
5.059125901686892,20,2,0.7988636493682861,1
3.35086313917298,20,2,0.6402881145477295,2
