MSE_error,population,generations,training_time,i_run
5.441742278949545,20,2,0.7420158386230469,0
3.6258571304861644,20,2,1.113023281097412,1
3.695797062138465,20,2,0.8437445163726807,2
