fitness_score,population,generations,training_time,i_run
0.0012811196676601596,5000,5,4976.888184070587,0
