MSE_error,population,generations,training_time,i_run
4.532513601052905,20,2,0.7200789451599121,0
3.4196855912698005,20,2,0.7290501594543457,1
5.1532694167137,20,2,0.5954079627990723,2
