fitness_score,population,generations,training_time,i_run
2.72139911643138,4000,10,4969.664726495743,0
2.262479121112185,4000,10,4168.490447998047,1
2.090338128912141,4000,10,3667.9452447891235,2
