MSE_error,population,generations,training_time,i_run
2.464900023159539,20,2,0.5994007587432861,0
2.4649000004384947,20,2,0.6672179698944092,1
1.2343108131657803e-28,20,2,0.6522562503814697,2
