MSE_error,population,generations,training_time,i_run
930.6947215591354,20,2,0.8986005783081055,0
3097.0213462715315,20,2,0.694141149520874,1
1240.6126465120913,20,2,0.8198051452636719,2
