MSE_error,population,generations,training_time,i_run
0.008916312956581155,20,2,1.3164799213409424,0
