MSE_error,population,generations,training_time,i_run
0.008916312956581155,20,2,1.1848323345184326,0
0.008916312962536359,20,2,1.122997760772705,1
0.008916312956581362,20,2,1.3922767639160156,2
