MSE_error,population,generations,training_time,i_run
0.00845035841289869,20,4,8.155750274658203,0
0.008916312956581166,20,4,9.295145988464355,1
0.008450450945661341,20,4,8.321586608886719,2
