MSE_error,population,generations,training_time,i_run
2.4649372679097072,20,2,1.0282506942749023,0
2.464900000004188,20,2,0.7759261131286621,1
1.2343108131657803e-28,20,2,2.004639148712158,2
