fitness_score,population,generations,training_time,i_run
0.019824142604698964,4000,10,4741.472932338715,0
0.0067419672233959334,4000,10,3920.8708839416504,1
0.017951410152847853,4000,10,3488.6500675678253,2
