MSE_error,population,generations,training_time,i_run
2.14230122570769e-18,20,3,2.611999034881592,0
9.554422583058493e-21,20,3,2.5360021591186523,1
6.191995375560746e-19,20,3,2.5400333404541016,2
