fitness_score,population,generations,training_time,i_run
0.011304651039854893,5000,5,3558.5882029533386,0
