MSE_error,population,generations,training_time,i_run
2.464900000073052,20,2,1.165881872177124,0
2.4648999999999903,20,2,1.533897876739502,1
6.007017347602068e-12,20,2,2.300844192504883,2
