MSE_error,population,generations,training_time,i_run
5.324915654599572,20,2,0.5206081867218018,0
3.973419588045641,20,2,0.5116322040557861,1
2.85326787881131,20,2,0.6313121318817139,2
