MSE_error,population,generations,training_time,i_run
0.3993347502669087,20,2,0.7898883819580078,0
0.00891631295742815,20,2,0.5684795379638672,1
0.00891631296362915,20,2,0.5495307445526123,2
