MSE_error,population,generations,training_time,i_run
4.45495664382674,20,2,2.322789430618286,0
5.059125898975652,20,2,1.9976577758789062,1
3.35086313917298,20,2,1.0521857738494873,2
