fitness_score,population,generations,training_time,i_run
0.0060800585543568245,4000,10,8116.821107149124,0
0.0012720133531199916,4000,10,6967.608491659164,1
0.004233041187255049,4000,10,6481.787134885788,2
