fitness_score, population, generations, training_time
2.918834145598207, 200, 3, 16.291486263275146
