MSE_error,population,generations,training_time,i_run
104.87445627317337,20,4,10.710360050201416,0
2.573061272706185e-10,20,4,11.893196105957031,1
208.75041708375042,20,4,11.016541481018066,2
