MSE_error,population,generations,training_time,i_run
422.346733398984,20,2,1.6575675010681152,0
208.75041708375173,20,2,1.8959243297576904,1
300.6006006006588,20,2,1.47505521774292,2
