MSE_error,population,generations,training_time,i_run
4.4544891794752095,20,2,0.7440106868743896,0
4.770969249674868,20,2,0.8577067852020264,1
4.700948981688124,20,2,0.8337705135345459,2
