fitness_score, population, generations, training_time
4.066203816055054, 100, 3, 5.870373964309692
3.3648019441396673, 100, 3, 4.8111748695373535
2.9034517394661115, 100, 3, 5.032546520233154
