MSE_error,population,generations,training_time,i_run
422.346733398984,20,2,0.5634920597076416,0
208.75041708375042,20,2,0.674196720123291,1
300.6006006006006,20,2,0.8626899719238281,2
