MSE_error,population,generations,training_time,i_run
7.803615665253029e-17,20,3,3.648000717163086,0
1.262343316537396e-17,20,3,3.215998649597168,1
6.976000092109704,20,3,1.627988338470459,2
