MSE_error,population,generations,training_time,i_run
930.6935805591353,20,2,0.9624285697937012,0
3097.0213462715315,20,2,0.6761915683746338,1
1.2343108131657803e-28,20,2,2.1263136863708496,2
