MSE_error,population,generations,training_time,i_run
70.37322001229681,20,2,0.7958722114562988,0
100.08985368897949,20,2,0.6412854194641113,1
98.9599196111498,20,2,0.6063787937164307,2
