MSE_error,population,generations,training_time,i_run
5.36689023776154,20,2,0.8686769008636475,0
4.770969249674868,20,2,0.8816423416137695,1
3.35086313917298,20,2,0.9953396320343018,2
