MSE_error,population,generations,training_time,i_run
2.97401122677525,20,2,0.6612308025360107,0
2.6243047585081594,20,2,0.9015884399414062,1
1.789231593631682,20,2,0.5225999355316162,2
