MSE_error,population,generations,training_time,i_run
2.2181389342021207,20,2,1.7692677974700928,0
1.5681331462833747,20,2,1.488020658493042,1
1.9789847084301309,20,2,2.029571533203125,2
