MSE_error,population,generations,training_time,i_run
0.00011069806012924978,20,4,11.320251941680908,0
0.00022085396724758017,20,4,8.283849239349365,1
8.041013847995593e-14,20,4,13.119758605957031,2
