MSE_error,population,generations,training_time,i_run
0.008890012671387629,20,2,2.0146121978759766,0
0.00805283568483254,20,2,1.3852965831756592,1
0.00030748743698389845,20,2,1.6376233100891113,2
