max_expression_size,fitness_score,training_time
1,0.0235791137605307,24.451425790786743
2,0.022564750551745,122.01529121398926
3,0.001096660989591,406.8505682945252
4,0.0229596496120938,752.0643076896667
5,0.0216375932139499,1542.051031112671
6,0.0064724870934333,1867.1317987442017
7,0.005167422543521,2634.4954133033752
8,0.0161645062924021,3494.2704091072083
9,0.0139947468825659,3483.955559492111
10,0.0006276685397475,3420.349627017975
