max_expression_size,fitness_score,training_time
1,0.0235791137605307,0.40752376317977906
2,0.022564750551745,2.033588186899821
3,0.001096660989591,6.780842804908754
4,0.0229596496120938,12.534405128161113
5,0.0216375932139499,25.700850518544517
6,0.0064724870934333,31.11886331240336
7,0.005167422543521,43.90825688838959
8,0.0161645062924021,58.237840151786806
9,0.0139947468825659,58.06592599153519
10,0.0006276685397475,57.005827116966245
