fitness_score,population,generations,training_time,i_run
0.0006774929218366861,40,10,7.201265811920166,0
0.0036805250110392,40,10,4.551513671875,1
6.725347365800228e-34,40,10,5.79782772064209,2
