fitness_score,population,generations,training_time,i_run
7.953197038825089e-31,40,10,18.445234537124634,0
0.32490000000000013,40,10,13.797126531600952,1
2.000748470866791e-31,40,10,22.881519079208374,2
