fitness_score,population,generations,training_time,i_run
3.089489073598322,4000,10,6041.327902793884,0
11.907628091220216,4000,10,5513.106200218201,1
2.551835543118442,4000,10,6369.431391000748,2
