MSE_error,population,generations,training_time,i_run
2.0893347501086548,20,2,1.707432508468628,0
1.6989163129565807,20,2,1.3513867855072021,1
1.6989163129565992,20,2,1.3633532524108887,2
