MSE_error,population,generations,training_time,i_run
6.490772101673672e-14,20,3,3.096506357192993,0
2.891587102488079e-15,20,3,2.8719730377197266,1
0.843812847463899,20,3,2.512028694152832,2
