MSE_error,population,generations,training_time,i_run
357.86828730378716,20,3,2.3880016803741455,0
360.28820424312977,20,3,1.727998971939087,1
359.2882042431296,20,3,2.332028388977051,2
