MSE_error,population,generations,training_time,i_run
153.6158866058867,20,2,0.6442768573760986,0
63.664437348857525,20,2,0.5395572185516357,1
122.72997841535343,20,2,0.6442775726318359,2
