fitness_score,population,generations,training_time,i_run
0.0166323450325814,5000,5,3933.8668603897095,0
0.013968829778748318,5000,5,3999.1195023059845,1
0.0187712779934264,5000,5,4167.164527177811,2
