fitness_score,population,generations,training_time,i_run
605194.7098616067,5000,5,6487.739898681641,0
567317.6494341553,5000,5,6535.56565451622,1
552594.8863727283,5000,5,6592.782346725464,2
