MSE_error,population,generations,training_time,i_run
62.30883675007387,20,4,9.549132347106934,0
63.16088798705079,20,4,10.774128913879395,1
63.1608879870508,20,4,9.44294285774231,2
