MSE_error,population,generations,training_time,i_run
62.308836750074725,20,2,1.6615569591522217,0
63.16088829368927,20,2,1.7503185272216797,1
63.50890465638536,20,2,1.872990608215332,2
