fitness_score,population,generations,training_time,i_run
0.0006170731825925882,4000,10,6105.239808797836,0
0.0006170731825925882,4000,10,5881.801362037659,1
0.0006170731825925882,4000,10,5925.995883226395,2
