max_expression_size, fitness_score, training_time
1, 0.023579113760530748, 24.451425790786743
2, 0.02256475055174507, 122.01529121398926
3, 0.001096660989591007, 406.85056829452515
4, 0.022959649612093826, 752.0643076896667
5, 0.02163759321394997, 1542.051031112671
6, 0.006472487093433341, 1867.1317987442017
7, 0.00516742254352102, 2634.4954133033752
