MSE_error,population,generations,training_time,i_run
5.267383571868343,20,2,0.7679469585418701,0
3.1987085933527877,20,2,0.6931464672088623,1
4.663121435180134,20,2,0.7310440540313721,2
