fitness_score,population,generations,training_time,i_run
0.006247514129915229,5000,5,7045.9052147865295,0
0.0037237682513495186,5000,5,6865.35625910759,1
0.000596883154821499,5000,5,6415.483701944351,2
