MSE_error,population,generations,training_time,i_run
153.6158866058867,20,2,1.0043165683746338,0
801.5545345572791,20,2,0.9843685626983643,1
165.85009276832932,20,2,0.4557807445526123,2
