fitness_score,population,generations,training_time,i_run
0.01784610693078298,4000,10,3051.4743151664734,0
0.01352822745464568,4000,10,3178.4183492660522,1
0.011809192844987021,4000,10,3192.969317674637,2
