fitness_score,population,generations,training_time,i_run
3.089489073598322,4000,10,5524.30447101593,0
11.907628091220216,4000,10,5519.275172948837,1
2.551835543118442,4000,10,5529.686222791672,2
