fitness_score,population,generations,training_time,i_run
0.0006774929218366861,40,10,7.04274582862854,0
0.0036805250110392,40,10,5.489409446716309,1
6.725347365800228e-34,40,10,5.026582956314087,2
