fitness_score,population,generations,training_time,i_run
2.8602712859526203,40,10,14.39547348022461,0
0.3721196783456381,40,10,18.181353092193604,1
2.6923859298034243,40,10,19.831679344177246,2
