fitness_score,population,generations,training_time,i_run
0.0007711365672358671,4000,10,4327.9891705513,0
0.00021293415265708794,4000,10,4359.017553806305,1
0.00021310333474625407,4000,10,4294.792143821716,2
