max_generations, fitness_score, training_time
1, 0.006976833075914341, 490.56764936447144
2, 0.02257233607687184, 477.1455705165863
3, 0.020530876905429162, 475.56233763694763
4, 0.0006276685397475655, 490.5519132614136
5, 0.0019430116589686222, 503.3964207172394
6, 0.015641648626429742, 555.934497833252
7, 0.00895318449371883, 560.0154111385345
8, 0.00895318449371883, 580.2205147743225
9, 0.016340521817448266, 588.2367372512817
