fitness_score,population,generations,training_time,i_run
0.03622864058867001,5000,5,6768.193588972092,0
0.036228526719136504,5000,5,6603.49548459053,1
0.036228619874732894,5000,5,6492.46898150444,2
