fitness_score,population,generations,training_time,i_run
2.51372376341422e-33,4000,10,4663.445298194885,0
2.618494352388886e-33,4000,10,4584.397588253021,1
1.751055505436875e-33,4000,10,4255.7081027030945,2
