MSE_error,population,generations,training_time,i_run
0.009115271868121635,20,2,0.6941444873809814,0
