MSE_error,population,generations,training_time,i_run
0.009115271868121635,20,2,0.6552469730377197,0
0.010939319706119045,20,2,0.5934140682220459,1
0.021265463729844405,20,2,0.6223361492156982,2
