MSE_error,population,generations,training_time,i_run
4.232424155682916,2000,6,2499.532757997513,0
7.068030962753411,2000,6,2461.5223994255066,1
4.597747825818893,2000,6,2527.038770198822,2
