MSE_error,population,generations,training_time,i_run
2.2817312529579783,20,2,0.6622292995452881,0
1.9702488009573051,20,2,0.8188109397888184,1
2.911804457895656,20,2,0.7709393501281738,2
