fitness_score,population,generations,training_time,i_run
0.0817767272665979,4000,10,4362.530237674713,0
0.08791897975247617,4000,10,4458.612280130386,1
0.06967194954196167,4000,10,4354.579850912094,2
