MSE_error,population,generations,training_time,i_run
422.346733398984,20,2,0.5764584541320801,0
208.7506522768477,20,2,0.8098351955413818,1
300.6574268452538,20,2,0.7759296894073486,2
