MSE_error,population,generations,training_time,i_run
6328.950604301736,20,2,1.6156795024871826,0
14694.365669495683,20,2,2.1263139247894287,1
5297.381156003283,20,2,1.7014493942260742,2
