fitness_score,population,generations,training_time,i_run
0.1245764235488953,4000,10,5964.62037563324,0
0.1296378502929013,4000,10,5939.88272857666,1
0.12573107619741614,4000,10,5932.169367074966,2
