fitness_score,population,generations,training_time,i_run
0.0060170574776925575,4000,10,4927.547537088394,0
0.005818155618378139,4000,10,4660.635634660721,1
0.0015013993857053572,4000,10,3939.4293491840363,2
