fitness_score,population,generations,training_time,i_run
0.0006170731825925882,4000,10,5971.914860725403,0
0.0006170731825925882,4000,10,5976.138717651367,1
0.0006170731825925882,4000,10,5854.977905988693,2
