fitness_score,population,generations,training_time,i_run
2.261041754710615e-33,4000,10,4374.739235877991,0
2.618494352388886e-33,4000,10,4364.180349826813,1
2.2949381217318303e-33,4000,10,4076.388520002365,2
