MSE_error,population,generations,training_time,i_run
157.17232048883048,20,2,0.7519893646240234,0
87.6524902808621,20,2,0.8118367195129395,1
137.69618339912395,20,2,0.7699408531188965,2
