MSE_error,population,generations,training_time,i_run
5.441742278949545,20,2,0.7170822620391846,0
3.6258571304861644,20,2,0.7300477027893066,1
3.695797062138465,20,2,1.1190087795257568,2
