max_expression_size,fitness_score,training_time
1,0.0225867026397293,13.719329118728638
2,0.0231572099938027,118.40465021133424
3,0.0229892983110652,385.1242203712464
4,0.0019430116589686,734.0151748657227
5,0.0154855212833573,1182.8063387870789
6,0.0213253856630085,1862.4916682243347
7,0.0114639712466878,2329.2530193328857
8,0.0162425816140538,2453.8641624450684
9,0.0163405218174482,2856.664988517761
10,0.0020835455091367,3163.371327638626
