max_expression_size,fitness_score,training_time
1,0.0225867026397293,0.22865548531214397
2,0.0231572099938027,1.9734108368555707
3,0.0229892983110652,6.41873700618744
4,0.0019430116589686,12.233586247762045
5,0.0154855212833573,19.713438979784648
6,0.0213253856630085,31.041527803738912
7,0.0114639712466878,38.820883655548094
8,0.0162425816140538,40.89773604075114
9,0.0163405218174482,47.61108314196268
10,0.0020835455091367,52.72285546064377
