MSE_error,population,generations,training_time,i_run
930.3686805591356,20,2,1.452115535736084,0
3097.0213462715315,20,2,0.9015893936157227,1
5.283208731617462e-13,20,2,1.2386863231658936,2
