MSE_error,population,generations,training_time,i_run
415.0662597983672,20,4,7.950405836105347,0
2.830357774940523e-13,20,4,9.128705501556396,1
361.7531042431292,20,4,9.962198972702026,2
