MSE_error,population,generations,training_time,i_run
2.2817312529579783,20,2,0.7330400943756104,0
1.9702488009573051,20,2,1.002319574356079,1
2.911804457895656,20,2,0.8337702751159668,2
