MSE_error,population,generations,training_time,i_run
5.267383571581378,20,2,2.089412212371826,0
3.1987085933527877,20,2,0.9285175800323486,1
4.663121435180134,20,2,0.617344856262207,2
