MSE_error,population,generations,training_time,i_run
69.61565203705736,20,2,0.6612317562103271,0
70.25774200924315,20,2,0.6881594657897949,1
72.29111003012187,20,2,0.8068413734436035,2
