fitness_score,population,generations,training_time,i_run
0.017565716792606705,40,10,7.544847726821899,0
0.02351170072989443,40,10,10.36928939819336,1
0.020530876905429166,40,10,8.105337381362915,2
