fitness_score,population,generations,training_time,i_run
2.010151739227701,4000,10,3659.9221804142,0
2.580293290601445,4000,10,3486.9022715091705,1
3.0440139460832896,4000,10,3571.3107323646545,2
