fitness_score,population,generations,training_time,i_run
3.089489073598322,4000,10,6111.551269769669,0
11.907628091220216,4000,10,6052.42564034462,1
2.551835543118442,4000,10,5597.046251773834,2
