fitness_score,population,generations,training_time,i_run
4.76759676974552e-18,40,10,82.50030422210693,0
0.32490000000000224,40,10,108.60640501976013,1
9.037478667314767e-16,40,10,153.79354190826416,2
