fitness_score,population,generations,training_time,i_run
5.253708939361896e-12,40,10,8.90718126296997,0
6.725347365800228e-34,40,10,8.342003345489502,1
0.0036805250110392,40,10,8.2418212890625,2
