MSE_error,population,generations,training_time,i_run
854.1287379971225,20,4,8.015566349029541,0
854.1287379971037,20,4,13.425101280212402,1
869.3228854006319,20,4,7.778201341629028,2
