MSE_error,population,generations,training_time,i_run
6328.950604301694,20,2,1.4441394805908203,0
1551.4155618976295,20,2,1.0432102680206299,1
854.1287380717154,20,2,0.9484643936157227,2
