MSE_error,population,generations,training_time,i_run
5.441570877649161,20,2,0.7021119594573975,0
3.6258571304861644,20,2,0.6771974563598633,1
1.8389626447831182,20,2,0.7130928039550781,2
