MSE_error,population,generations,training_time,i_run
5.211267549499246,20,2,1.8849594593048096,0
2.6221014796834927,20,2,1.6465988159179688,1
1.8389626447831255,20,2,1.5588312149047852,2
