fitness_score,population,generations,training_time,i_run
3.089489073598322,4000,10,6200.353899478912,0
11.907628091220216,4000,10,6042.2843697071075,1
2.551835543118442,4000,10,5927.547733545303,2
