fitness_score,population,generations,training_time,i_run
5.22713102495042e-30,40,10,155.67923712730408,0
3.945914459093821e-30,40,10,310.3086624145508,1
3.89672659350016e-30,40,10,257.91511273384094,2
