MSE_error,population,generations,training_time,i_run
166.3418017845473,20,2,1.121994972229004,0
110.47690998194744,20,2,0.8347659111022949,1
137.69618339912395,20,2,0.7041175365447998,2
