MSE_error,population,generations,training_time,i_run
166.3418017845473,20,2,0.8836371898651123,0
110.47690998194744,20,2,0.9235317707061768,1
137.69618339912395,20,2,0.8776564598083496,2
