fitness_score,population,generations,training_time,i_run
0.1245764235488953,4000,10,5796.565167427063,0
0.1296378502929013,4000,10,5223.784333944321,1
0.12573107619741614,4000,10,6126.684903860092,2
