MSE_error,population,generations,training_time,i_run
0.0,20,3,3.128000259399414,0
2.210471140673069e-18,20,3,2.18002986907959,1
0.0,20,3,2.264014959335327,2
