MSE_error,population,generations,training_time,i_run
161.89165218949753,20,2,0.734036922454834,0
131.47124259417095,20,2,0.7130937576293945,1
149.46904882548617,20,2,0.6841702461242676,2
