fitness_score,population,generations,training_time,i_run
0.021581908987663916,4000,10,3471.851534128189,0
0.022427321660232393,4000,10,3749.428914785385,1
0.011284426682579951,4000,10,2950.513295650482,2
