MSE_error,population,generations,training_time,i_run
1.3356075806705413e-20,20,3,2.1000022888183594,0
4.090878669115484e-17,20,3,3.6320009231567383,1
0.0,20,3,2.2839999198913574,2
