MSE_error,population,generations,training_time,i_run
63.16088798705087,20,2,1.0781161785125732,0
63.16193816621611,20,2,0.8347675800323486,1
63.50890465638369,20,2,0.7120950222015381,2
