fitness_score,population,generations,training_time,i_run
0.0003489114047125779,4000,10,4084.174136161804,0
0.00022702786867363512,4000,10,4050.811826467514,1
0.00042354809725313604,4000,10,4087.0468225479126,2
