population_size, fitness_score, training_time
20, 0.017490091092669312, 0.2293844223022461
30, 0.019999404667374862, 0.44879746437072754
40, 0.010717229872093515, 0.7370634078979492
50, 0.01426038344882199, 1.1659154891967773
60, 0.0030908520790262407, 1.5359244346618652
70, 0.010717229872093515, 2.329770803451538
80, 0.019253071288437732, 3.319124698638916
90, 0.010717229872093515, 5.395601749420166
100, 0.017490091092669312, 4.469286203384399
125, 0.010717229872093515, 6.769804954528809
150, 0.004480776891622949, 8.751005411148071
175, 0.003441570274931975, 12.272515773773193
200, 0.010717229872093515, 14.002577304840088
250, 0.0037215705489213524, 25.215219259262085
300, 0.006525014481395852, 29.800254106521606
350, 0.0037215705489213524, 41.001670360565186
400, 0.0037215705489213524, 50.13330364227295
450, 0.002251894268740792, 58.86301302909851
500, 0.0037215705489213524, 61.60011625289917
550, 0.005371522804089022, 72.97101902961731
600, 0.0028765894975634884, 78.81922125816345
650, 0.003441570274931975, 88.68519735336304
700, 0.003441570274931975, 103.4905014038086
750, 0.0032888908542455103, 115.35944986343384
800, 0.00281878693742131, 130.18918752670288
850, 0.0037215705489213524, 141.5559058189392
900, 0.0033275610718543217, 154.89943265914917
950, 0.0027745567557215037, 194.4726917743683
1000, 0.0037215705489213524, 223.25087904930115
2000, 0.002278418041224636, 678.9048647880554
3000, 0.002701658476444676, 1325.8947234153748
4000, 0.002266683549679407, 1831.802188873291
5000, 0.0029737140387318347, 2705.164343357086
6000, 0.0029656061098745842, 3411.5382764339447
7000, 0.0027894223462797893, 4634.774365186691
