MSE_error,population,generations,training_time,i_run
4.6230595260275734e-14,20,3,3.3519649505615234,0
1.169331429519229e-13,20,3,3.128032922744751,1
1.2628327239641006e-12,20,3,1.7200257778167725,2
