MSE_error,population,generations,training_time,i_run
7938.384074307854,20,2,0.9215350151062012,0
9326.8555169696,20,2,1.2436742782592773,1
1147.424058585947,20,2,0.6991283893585205,2
