MSE_error,population,generations,training_time,i_run
2.2817312529579783,20,2,0.7390267848968506,0
1.9633989464806796,20,2,0.7589714527130127,1
2.617518241880726,20,2,0.7220690250396729,2
