MSE_error,population,generations,training_time,i_run
6328.950604301687,20,2,0.7230651378631592,0
14676.214027115098,20,2,0.7450129985809326,1
854.1287379971153,20,2,0.8058450222015381,2
