fitness_score,population,generations,training_time,i_run
0.1245764235488953,4000,10,5199.604445695877,0
0.1296378502929013,4000,10,5213.121313095093,1
0.12573107619741614,4000,10,5260.9367690086365,2
