MSE_error,population,generations,training_time,i_run
0.0,20,3,1.8480031490325928,0
0.0,20,3,1.5679965019226074,1
