MSE_error,population,generations,training_time,i_run
0.24134109616381177,20,2,0.6851682662963867,0
