MSE_error,population,generations,training_time,i_run
0.24134109616381177,20,2,0.7340364456176758,0
1.7159803771862434,20,2,0.8327724933624268,1
0.040642005978193285,20,2,0.7250630855560303,2
