MSE_error,population,generations,training_time,i_run
13698.669653523304,20,2,2.230036497116089,0
6378.214102502324,20,2,1.868004560470581,1
1551.4155601920513,20,2,2.558159112930298,2
