fitness_score,population,generations,training_time,i_run
0.0027907341543774986,40,10,5.691770792007446,0
3.5341349602291336e-05,40,10,4.7802414894104,1
6.4249022944758185e-34,40,10,3.8216946125030518,2
