MSE_error,population,generations,training_time,i_run
2.1636353554019996,20,3,3.048003673553467,0
1.4481948796176822e-13,20,3,1.6520004272460938,1
0.4358088399286817,20,3,1.875997543334961,2
