MSE_error,population,generations,training_time,i_run
0.008890012671387624,20,2,0.7031197547912598,0
0.008890012671387624,20,2,0.7719368934631348,1
0.008890012671466475,20,2,0.7539820671081543,2
