MSE_error,population,generations,training_time,i_run
0.008890012671387624,20,2,0.728053092956543,0
