MSE_error,population,generations,training_time,i_run
6328.950604301687,20,2,0.846735954284668,0
14694.365669495752,20,2,0.7639553546905518,1
5297.381156003284,20,2,0.7360320091247559,2
