MSE_error,population,generations,training_time,i_run
422.346733398984,20,2,0.7051141262054443,0
6076.21527257819,20,2,1.04420804977417,1
6947.560108330613,20,2,0.8686776161193848,2
