MSE_error,population,generations,training_time,i_run
5.268596740166175,20,2,0.9005894660949707,0
3.1987085933527877,20,2,0.8966033458709717,1
4.663121435180134,20,2,0.7639572620391846,2
