fitness_score,population,generations,training_time,i_run
0.011601234793698097,4000,10,3847.066997051239,0
0.022571408142808377,4000,10,3726.652638912201,1
0.01752507376352364,4000,10,3753.874771118164,2
