MSE_error,population,generations,training_time,i_run
0.009115271868121635,20,2,0.6362943649291992,0
