MSE_error,population,generations,training_time,i_run
0.009115271868121635,20,2,0.8217980861663818,0
0.010939319706119045,20,2,0.8995957374572754,1
0.021265463729844405,20,2,0.6442768573760986,2
