MSE_error,population,generations,training_time,i_run
4528.203039258528,20,2,0.6472699642181396,0
5736.98106123966,20,2,0.6652214527130127,1
208.75041708375042,20,2,0.653252124786377,2
