MSE_error,population,generations,training_time,i_run
4.532513600847853,20,2,2.3317623138427734,0
3.4196855912698005,20,2,2.230034589767456,1
5.350188744742463,20,2,1.9218599796295166,2
