MSE_error,population,generations,training_time,i_run
1075.9221072235791,20,2,0.6841700077056885,0
1085.031478407234,20,2,0.6462719440460205,1
854.1287379971052,20,2,0.6981332302093506,2
