MSE_error,population,generations,training_time,i_run
1075.9221075204214,20,2,0.8507397174835205,0
1085.0314784072555,20,2,0.6372947692871094,1
854.1287379974142,20,2,0.5884292125701904,2
