MSE_error,population,generations,training_time,i_run
63.16088798705079,20,2,0.9763867855072021,0
85.85003947244171,20,2,0.5884261131286621,1
63.16122341381108,20,2,0.7599670886993408,2
