MSE_error,population,generations,training_time,i_run
0.02608924394358911,20,2,0.8297808170318604,0
