MSE_error,population,generations,training_time,i_run
0.02608924394358911,20,2,0.8078389167785645,0
0.01118349107045014,20,2,0.9015896320343018,1
0.011022179168765625,20,2,0.9215352535247803,2
