MSE_error,population,generations,training_time,i_run
166.3418017845473,20,2,1.3543787002563477,0
131.47124259417095,20,2,1.57877779006958,1
141.11759603289167,20,2,1.2047784328460693,2
