MSE_error,population,generations,training_time,i_run
5.267383571659409,20,2,0.5614986419677734,0
4.3464189850126855,20,2,0.598400354385376,1
4.663121435180134,20,2,0.6143505573272705,2
