MSE_error,population,generations,training_time,i_run
62.37613325585505,20,3,2.391998529434204,0
1.1431731290260408e-15,20,3,3.4360029697418213,1
246.25115813409627,20,3,3.0000290870666504,2
