MSE_error,population,generations,training_time,i_run
4.693524098924762,20,2,0.6712033748626709,0
3.4196855912698005,20,2,0.7091069221496582,1
7.655000776438697,20,2,0.7479991912841797,2
