fitness_score,population,generations,training_time,i_run
0.019824142604698964,4000,10,4865.008949756622,0
0.016095287718773308,4000,10,3781.239933490753,1
0.022611290258689885,4000,10,3538.1843886375427,2
