MSE_error,population,generations,training_time,i_run
6328.950604301685,20,2,0.6801786422729492,0
14721.22123770864,20,2,0.7091121673583984,1
854.1287380071292,20,2,0.6183466911315918,2
